{
    "precision": {
        "clean": 0.9343518671901229,
        "attack": 0.5055808616979669
    },
    "recall": {
        "clean": 0.918240754962957,
        "attack": 0.7048655209514889
    },
    "mAP50": {
        "clean": 0.96686011107144,
        "attack": 0.5259624139610678
    },
    "mAP50-95": {
        "clean": 0.6877303363342885,
        "attack": 0.2587120923779477
    },
    "fitness": {
        "clean": 0.7156433138080037,
        "attack": 0.2854371245362597
    }
}