{
    "precision": {
        "clean": 0.9343518671901229,
        "attack": 0.5611399221419399
    },
    "recall": {
        "clean": 0.918240754962957,
        "attack": 0.5908319185059423
    },
    "mAP50": {
        "clean": 0.96686011107144,
        "attack": 0.5692471509706389
    },
    "mAP50-95": {
        "clean": 0.6877303363342885,
        "attack": 0.25289426228102274
    },
    "fitness": {
        "clean": 0.7156433138080037,
        "attack": 0.28452955114998435
    }
}