{
    "precision": {
        "clean": 0.9343497019060126,
        "attack": 0.5505863495929305
    },
    "recall": {
        "clean": 0.9182083790219832,
        "attack": 0.6519524617996605
    },
    "mAP50": {
        "clean": 0.9668694571896176,
        "attack": 0.5623095440129618
    },
    "mAP50-95": {
        "clean": 0.6876874010649514,
        "attack": 0.30895331577965157
    },
    "fitness": {
        "clean": 0.715605606677418,
        "attack": 0.3342889386029826
    }
}