{
    "precision": {
        "clean": 0.932701084398865,
        "attack": 0.5051323407720496
    },
    "recall": {
        "clean": 0.9411945780598843,
        "attack": 0.599320882852292
    },
    "mAP50": {
        "clean": 0.9714942091709518,
        "attack": 0.5158410475385863
    },
    "mAP50-95": {
        "clean": 0.6858954262313857,
        "attack": 0.22462866228937206
    },
    "fitness": {
        "clean": 0.7144553045253423,
        "attack": 0.2537499008142935
    }
}