{
    "precision": {
        "clean": 0.9343518671901229,
        "attack": 0.6402731178259038
    },
    "recall": {
        "clean": 0.918240754962957,
        "attack": 0.7524482670384022
    },
    "mAP50": {
        "clean": 0.96686011107144,
        "attack": 0.7307578761699567
    },
    "mAP50-95": {
        "clean": 0.6877303363342885,
        "attack": 0.44013248215463036
    },
    "fitness": {
        "clean": 0.7156433138080037,
        "attack": 0.469195021556163
    }
}