{
    "precision": {
        "clean": 0.9343518671901229,
        "attack": 0.599481617904861
    },
    "recall": {
        "clean": 0.918240754962957,
        "attack": 0.797962648556876
    },
    "mAP50": {
        "clean": 0.96686011107144,
        "attack": 0.7050429261100292
    },
    "mAP50-95": {
        "clean": 0.6877303363342885,
        "attack": 0.41097259038134853
    },
    "fitness": {
        "clean": 0.7156433138080037,
        "attack": 0.44037962395421665
    }
}