{
    "precision": {
        "clean": 0.9343497019060126,
        "attack": 0.6214204194547716
    },
    "recall": {
        "clean": 0.9182083790219832,
        "attack": 0.7164685908319185
    },
    "mAP50": {
        "clean": 0.9676994749142904,
        "attack": 0.7093024301987187
    },
    "mAP50-95": {
        "clean": 0.6563023502325745,
        "attack": 0.43737651324967874
    },
    "fitness": {
        "clean": 0.6874420627007461,
        "attack": 0.46456910494458276
    }
}